arm	role	path_or_import	symbol
unpinned	helper	apps/web/src/utils/reportsCsv.ts	serializeReportsToCsv
unpinned	helper	apps/web/src/utils/exportCsv.ts	exportToCsv
unpinned	helper	apps/web/src/lib/exportCsv.ts	serializeReportRowsToCsv
unpinned	button	../../utils/csv	toCSV
unpinned	button	../../utils/csvSerializer	serializeReportsToCsv
unpinned	button	../../utils/csvHelper	serializeToCSV
pinned	helper	apps/web/src/lib/csv.ts	toCsv
pinned	helper	apps/web/src/lib/csv.ts	toCsv
pinned	helper	apps/web/src/lib/csv.ts	toCsv
pinned	button	@/lib/csv	toCsv
pinned	button	@/lib/csv	toCsv
pinned	button	@/lib/csv	toCsv
